{
  "label_aps": {
    "car": {
      "0.5": 0.7774561918772345,
      "1.0": 0.8951344009901283,
      "2.0": 0.9276067805547372,
      "4.0": 0.9470489057279943
    },
    "truck": {
      "0.5": 0.6377262828130623,
      "1.0": 0.6555844211121399,
      "2.0": 0.6695992158859037,
      "4.0": 0.6950756216053987
    },
    "bus": {
      "0.5": 0.8881176922431232,
      "1.0": 0.9923371647509582,
      "2.0": 0.9923371647509582,
      "4.0": 0.9923371647509582
    },
    "trailer": {
      "0.5": 0.0,
      "1.0": 0.0,
      "2.0": 0.0,
      "4.0": 0.0
    },
    "construction_vehicle": {
      "0.5": 0.0,
      "1.0": 0.0,
      "2.0": 0.0,
      "4.0": 0.0
    },
    "pedestrian": {
      "0.5": 0.8518700698235476,
      "1.0": 0.8843707333143096,
      "2.0": 0.9029889611164443,
      "4.0": 0.9225567474235578
    },
    "motorcycle": {
      "0.5": 0.455862241139858,
      "1.0": 0.5112353154179525,
      "2.0": 0.5323540288003971,
      "4.0": 0.5461130251016113
    },
    "bicycle": {
      "0.5": 0.2170909918903325,
      "1.0": 0.2170909918903325,
      "2.0": 0.2170909918903325,
      "4.0": 0.2170909918903325
    },
    "traffic_cone": {
      "0.5": 0.027849960619447854,
      "1.0": 0.027849960619447854,
      "2.0": 0.027849960619447854,
      "4.0": 0.027849960619447854
    },
    "barrier": {
      "0.5": 0.0,
      "1.0": 0.0,
      "2.0": 0.0,
      "4.0": 0.0
    }
  },
  "mean_dist_aps": {
    "car": 0.8868115697875236,
    "truck": 0.6644963853541261,
    "bus": 0.9662822966239994,
    "trailer": 0.0,
    "construction_vehicle": 0.0,
    "pedestrian": 0.8904466279194648,
    "motorcycle": 0.5113911526149548,
    "bicycle": 0.2170909918903325,
    "traffic_cone": 0.027849960619447854,
    "barrier": 0.0
  },
  "mean_ap": 0.4164368984809849,
  "label_tp_errors": {
    "car": {
      "trans_err": 0.1895732763847604,
      "scale_err": 0.16106340151332943,
      "orient_err": 0.22262086883101317,
      "vel_err": 0.12954769234828453,
      "attr_err": 0.07818834498207176
    },
    "truck": {
      "trans_err": 0.1577601239794867,
      "scale_err": 0.17974756435791106,
      "orient_err": 0.3291449403422063,
      "vel_err": 0.10745238466546553,
      "attr_err": 0.08314073095421337
    },
    "bus": {
      "trans_err": 0.22962112578747024,
      "scale_err": 0.16124901951529694,
      "orient_err": 0.023595533042852588,
      "vel_err": 0.6103872505029189,
      "attr_err": 0.3339099091628296
    },
    "trailer": {
      "trans_err": 1.0,
      "scale_err": 1.0,
      "orient_err": 1.0,
      "vel_err": 1.0,
      "attr_err": 1.0
    },
    "construction_vehicle": {
      "trans_err": 1.0,
      "scale_err": 1.0,
      "orient_err": 1.0,
      "vel_err": 1.0,
      "attr_err": 1.0
    },
    "pedestrian": {
      "trans_err": 0.15836175276730452,
      "scale_err": 0.251084780861739,
      "orient_err": 0.3982550595328745,
      "vel_err": 0.20195058302609745,
      "attr_err": 0.1350153291517614
    },
    "motorcycle": {
      "trans_err": 0.2343561119785793,
      "scale_err": 0.26280570440878304,
      "orient_err": 0.81610451934171,
      "vel_err": 0.050357759919116694,
      "attr_err": 0.004767976346191169
    },
    "bicycle": {
      "trans_err": 0.26653584023641447,
      "scale_err": 0.19060447763011623,
      "orient_err": 0.3161942520781506,
      "vel_err": 0.40170113509208055,
      "attr_err": 0.0
    },
    "traffic_cone": {
      "trans_err": 0.2052718934642138,
      "scale_err": 0.3158202685274431,
      "orient_err": NaN,
      "vel_err": NaN,
      "attr_err": NaN
    },
    "barrier": {
      "trans_err": 1.0,
      "scale_err": 1.0,
      "orient_err": 1.0,
      "vel_err": NaN,
      "attr_err": NaN
    }
  },
  "tp_errors": {
    "trans_err": 0.4441480124598229,
    "scale_err": 0.4522375216814618,
    "orient_err": 0.5673239081298674,
    "vel_err": 0.43767460069424546,
    "attr_err": 0.32937778632463344
  },
  "tp_scores": {
    "trans_err": 0.5558519875401771,
    "scale_err": 0.5477624783185382,
    "orient_err": 0.43267609187013256,
    "vel_err": 0.5623253993057545,
    "attr_err": 0.6706222136753666
  },
  "nd_score": 0.4851422663114894,
  "eval_time": 10.814092874526978,
  "cfg": {
    "class_range": {
      "car": 50,
      "truck": 50,
      "bus": 50,
      "trailer": 50,
      "construction_vehicle": 50,
      "pedestrian": 40,
      "motorcycle": 40,
      "bicycle": 40,
      "traffic_cone": 30,
      "barrier": 30
    },
    "dist_fcn": "center_distance",
    "dist_ths": [
      0.5,
      1.0,
      2.0,
      4.0
    ],
    "dist_th_tp": 2.0,
    "min_recall": 0.1,
    "min_precision": 0.1,
    "max_boxes_per_sample": 500,
    "mean_ap_weight": 5
  },
  "meta": {
    "use_camera": false,
    "use_lidar": true,
    "use_radar": false,
    "use_map": false,
    "use_external": false
  }
}